Year,A,B,C
2000,0.02861615674683265,0.01,0.4313838432531673
2004,0.02861615674683265,0.01,0.4313838432531673
2008,0.02861615674683265,0.01,0.4313838432531673
2012,0.02861615674683265,0.01,0.4313838432531673
2016,0.02861615674683265,0.01,0.4313838432531673
2020,0.02861615674683265,0.01,0.4313838432531673
